AAAP,Advanced Accelerator Applications S.A.
AAL,American Airlines Group Inc.
AAON,AAON Inc.
AAPL,Apple Inc.
AAWW,"Atlas Air Worldwide Holdings, Inc."
ABAX,"Abaxis, Inc."
ABCB,Ameris Bancorp
ABCO,The Advisory Board Company
ABCW,Anchor BanCorp Wisconsin Inc.
ABDC,Alcentra Capital Corporation
ABGB,Abengoa SA
ABMD,"ABIOMED, Inc."
ABY,Abengoa Yield plc
ACAD,ACADIA Pharmaceuticals Inc.
ACAS,"American Capital, Ltd."
ACAT,Arctic Cat Inc.
ACBI,"Atlantic Capital Bancshares, Inc."
ACET,Aceto Corp.
ACGL,Arch Capital Group Ltd.
ACHC,"Acadia Healthcare Company, Inc."
ACHN,"Achillion Pharmaceuticals, Inc."
ACIW,"ACI Worldwide, Inc."
ACLS,Axcelis Technologies Inc.
ACOR,"Acorda Therapeutics, Inc."
ACRS,"Aclaris Therapeutics, Inc."
ACSF,"American Capital Senior Floating, Ltd."
ACTA,Actua Corporation
ACTG,Acacia Research Corporation
ACTS,"Actions Semiconductor Co., Ltd."
ACXM,Acxiom Corporation
ADAP,Adaptimmune Therapeutics plc
ADBE,Adobe Systems Incorporated
ADI,"Analog Devices, Inc."
ADNC,"Audience, Inc."
ADP,"Automatic Data Processing, Inc."
ADRO,"Aduro BioTech, Inc."
ADSK,"Autodesk, Inc."
ADTN,ADTRAN Inc.
ADUS,Addus HomeCare Corporation
ADVS,"Advent Software, Inc."
AEGN,Aegion Corporation
AEGR,"Aegerion Pharmaceuticals, Inc."
AEIS,"Advanced Energy Industries, Inc."
AEPI,AEP Industries Inc.
AFAM,Almost Family Inc.
AFFX,Affymetrix Inc.
AFSI,"AmTrust Financial Services, Inc."
AGFS,"AgroFresh Solutions, Inc."
AGFSW,"AgroFresh Solutions, Inc."
AGII,"Argo Group International Holdings, Ltd."
AGIIL,Argo Group International Holdin
AGIO,"Agios Pharmaceuticals, Inc."
AGNC,American Capital Agency Corp.
AGNCP,American Capital Agency Corp.
AGYS,Agilysys Inc.
AHGP,"Alliance Holdings GP, L.P."
AIMC,Altra Industrial Motion Corp.
AIMT,"Aimmune Therapeutics, Inc."
AINV,Apollo Investment Corporation
AIRM,Air Methods Corp.
AIXG,Aixtron SE
AKAM,"Akamai Technologies, Inc."
AKRX,"Akorn, Inc."
ALCO,Alico Inc.
ALGN,Align Technology Inc.
ALGT,Allegiant Travel Company
ALKS,Alkermes plc
ALLT,Allot Communications Ltd.
ALNY,"Alnylam Pharmaceuticals, Inc."
ALOG,Analogic Corporation
ALRM,"Alarm.Com Holdings, Inc."
ALSK,Alaska Communications Systems Group Inc.
ALTR,Altera Corp.
ALXN,"Alexion Pharmaceuticals, Inc."
AMAG,"AMAG Pharmaceuticals, Inc."
AMAT,"Applied Materials, Inc."
AMBA,"Ambarella, Inc."
AMBC,"Ambac Financial Group, Inc."
AMBCW,"Ambac Financial Group, Inc."
AMCC,Applied Micro Circuits Corporation
AMCN,AirMedia Group Inc.
AMCX,AMC Networks Inc.
AMED,Amedisys Inc.
AMGN,Amgen Inc.
AMKR,"Amkor Technology, Inc."
AMNB,American National Bankshares Inc.
AMOV,America Movil S.A.B. de C.V.
AMPH,"Amphastar Pharmaceuticals, Inc."
AMRB,American River Bankshares
AMRI,Albany Molecular Research Inc.
AMRK,"A-Mark Precious Metals, Inc."
AMRS,"Amyris, Inc."
AMSC,American Superconductor Corporation
AMSF,"Amerisafe, Inc."
AMSG,AmSurg Corp.
AMSGP,AmSurg Corp.
AMSWA,"American Software, Inc."
AMTD,TD Ameritrade Holding Corporation
AMWD,American Woodmark Corp.
AMZN,"Amazon.com, Inc."
ANAT,American National Insurance Co.
ANDE,"The Andersons, Inc."
ANGI,"Angie's List, Inc."
ANGO,AngioDynamics Inc.
ANIK,Anika Therapeutics Inc.
ANSS,"Ansys, Inc."
AOSL,"Alpha & Omega Semiconductor, Ltd."
APEI,"American Public Education, Inc."
APIC,Apigee Corporation
APLP,"Archrock Partners, L.P."
APOG,"Apogee Enterprises, Inc."
APOL,"Apollo Education Group, Inc."
ARAY,Accuray Incorporated
ARCB,ArcBest Corporation
ARCC,Ares Capital Corporation
ARCP,"VEREIT, Inc."
ARCPP,"American Realty Capital Properties, Inc."
AREX,"Approach Resources, Inc."
ARIA,Ariad Pharmaceuticals Inc.
ARII,"American Railcar Industries, Inc."
ARLP,Alliance Resource Partners LP
ARMH,ARM Holdings plc
ARNA,"Arena Pharmaceuticals, Inc."
AROW,Arrow Financial Corporation
ARRS,"ARRIS Group, Inc."
ARTNA,Artesian Resources Corp.
ARUN,"Aruba Networks, Inc."
ARWR,Arrowhead Research Corp.
ASCMA,"Ascent Capital Group, Inc."
ASEI,American Science & Engineering Inc.
ASFI,Asta Funding Inc.
ASMI,ASM International NV
ASML,ASML Holding NV
ASNA,Ascena Retail Group Inc.
ASND,Ascendis Pharma A/S
ASPS,Altisource Portfolio Solutions S.A.
ASTE,"Astec Industries, Inc."
ASYS,Amtech Systems Inc.
ATAX,"America First Multifamily Investors, L.P."
ATEC,"Alphatec Holdings, Inc."
ATHN,"athenahealth, Inc."
ATLC,Atlanticus Holdings Corporation
ATML,Atmel Corporation
ATNI,"Atlantic Tele-Network, Inc."
ATRA,"Atara Biotherapeutics, Inc."
ATRI,ATRION Corp.
ATRO,Astronics Corporation
ATSG,"Air Transport Services Group, Inc."
ATVI,"Activision Blizzard, Inc."
AUDC,AudioCodes Ltd.
AVAV,"AeroVironment, Inc."
AVEO,"AVEO Pharmaceuticals, Inc."
AVGO,Avago Technologies Limited
AVHI,"AV Homes, Inc."
AVID,"Avid Technology, Inc."
AVNU,"Avenue Financial Holdings, Inc."
AVNW,"Aviat Networks, Inc."
AWAY,"HomeAway, Inc."
AXTI,AXT Inc.
AYA,"Amaya, Inc."
AZPN,"Aspen Technology, Inc."
BABY,Natus Medical Inc.
BAMM,Books-A-Million Inc.
BANF,BancFirst Corporation
BANFP,BancFirst Corporation
BANR,Banner Corporation
BANX,StoneCastle Financial Corp.
BBBY,Bed Bath & Beyond Inc.
BBCN,"BBCN Bancorp, Inc."
BBEP,Breitburn Energy Partners LP
BBEPP,Breitburn Energy Partners LP
BBNK,Bridge Capital Holdings
BBOX,Black Box Corporation
BBRG,"Bravo Brio Restaurant Group, Inc."
BBRY,BlackBerry Limited
BBSI,Barrett Business Services Inc.
BCOM,B Communications Ltd
BCOR,"Blucora, Inc."
BCOV,Brightcove Inc.
BCPC,Balchem Corp.
BCRX,"BioCryst Pharmaceuticals, Inc."
BDBD,"Boulder Brands, Inc."
BDE,"Black Diamond, Inc."
BDGE,"Bridge Bancorp, Inc."
BEAT,"BioTelemetry, Inc."
BEAV,B/E Aerospace Inc.
BEBE,"Bebe Stores, Inc."
BECN,"Beacon Roofing Supply, Inc."
BELFA,Bel Fuse Inc.
BELFB,Bel Fuse Inc.
BFIN,BankFinancial Corp.
BGCP,"BGC Partners, Inc."
BGFV,Big 5 Sporting Goods Corp.
BHBK,"Blue Hills Bancorp, Inc."
BIDU,"Baidu, Inc."
BIIB,Biogen Inc.
BIND,"BIND Therapeutics, Inc."
BIOS,"BioScrip, Inc."
BITI,Biotie Therapies Corp.
BJRI,"BJ's Restaurants, Inc."
BKCC,BlackRock Capital Investment Corporation
BKMU,Bank Mutual Corporation
BKYF,The Bank of Kentucky Financial Corporation
BLDR,"Builders FirstSource, Inc."
BLKB,Blackbaud Inc.
BLMN,"Bloomin' Brands, Inc."
BLUE,"bluebird bio, Inc."
BMRN,BioMarin Pharmaceutical Inc.
BMTC,Bryn Mawr Bank Corp.
BNCL,"Beneficial Bancorp, Inc."
BOBE,"Bob Evans Farms, Inc."
BOFI,"BofI Holding, Inc."
BOJA,"Bojangles', Inc."
BOKF,BOK Financial Corporation
BONA,Bona Film Group Limited
BONT,Bon-Ton Stores Inc.
BOOM,Dynamic Materials Corp.
BOTA,"Biota Pharmaceuticals, Inc."
BPFH,"Boston Private Financial Holdings, Inc."
BPFHP,"Boston Private Financial Holdings, Inc."
BPFHW,Boston Private Financial Holdin
BPMC,Blueprint Medicines Corporation
BPOP,"Popular, Inc."
BRCD,"Brocade Communications Systems, Inc."
BRCM,Broadcom Corp.
BRDR,"Borderfree, Inc."
BREW,"Craft Brew Alliance, Inc."
BRKL,"Brookline Bancorp, Inc."
BRKR,Bruker Corporation
BRKS,"Brooks Automation, Inc."
BRLI,Bio-Reference Laboratories Inc.
BSET,"Bassett Furniture Industries, Incorporated"
BSFT,"BroadSoft, Inc."
BSRR,Sierra Bancorp
BUFF,"Blue Buffalo Pet Products, Inc."
BUSE,First Busey Corporation
BV,"Bazaarvoice, Inc."
BWLD,Buffalo Wild Wings Inc.
BZUN,Baozun Inc.
CA,"CA, Inc."
CAC,Camden National Corp.
CACC,Credit Acceptance Corp.
CACQ,Caesars Acquisition Company
CAFD,8point3 Energy Partners LP
CAKE,The Cheesecake Factory Incorporated
CALA,"Calithera Biosciences, Inc."
CALM,"Cal-Maine Foods, Inc."
CAMP,CalAmp Corp.
CAR,"Avis Budget Group, Inc."
CASH,"Meta Financial Group, Inc."
CASS,"Cass Information Systems, Inc."
CASY,"Casey's General Stores, Inc."
CATM,Cardtronics Inc.
CATY,Cathay General Bancorp
CATYW,Cathay General Bancorp
CAVM,"Cavium, Inc."
CBF,Capital Bank Financial Corp.
CBNJ,"Cape Bancorp, Inc."
CBOE,"CBOE Holdings, Inc."
CBPO,"China Biologic Products, Inc."
CBRL,"Cracker Barrel Old Country Store, Inc."
CBSH,"Commerce Bancshares, Inc."
CCBG,Capital City Bank Group Inc.
CCD,Calamos Dynamic Convertible and Income Fund
CCIH,ChinaCache International Holdings Ltd.
CCLP,CSI Compressco LP
CCMP,Cabot Microelectronics Corporation
CCNE,CNB Financial Corp.
CCOI,"Cogent Communications Holdings, Inc."
CCRN,"Cross Country Healthcare, Inc."
CCXI,"ChemoCentryx, Inc."
CDK,"CDK Global, Inc."
CDNS,Cadence Design Systems Inc.
CDW,CDW Corporation
CDXS,"Codexis, Inc."
CECE,CECO Environmental Corp.
CECO,Career Education Corp.
CELG,Celgene Corporation
CEMP,"Cempra, Inc."
CENT,Central Garden & Pet Company
CENTA,Central Garden & Pet Company
CENX,Century Aluminum Co.
CERN,Cerner Corporation
CETV,Central European Media Enterprises Ltd.
CEVA,CEVA Inc.
CFFI,C&F; Financial Corp.
CFFN,"Capitol Federal Financial, Inc."
CFNL,Cardinal Financial Corp.
CG,The Carlyle Group LP
CGNX,Cognex Corporation
CGO,Calamos Global Total Return Fund
CHCO,City Holding Co.
CHDN,Churchill Downs Inc.
CHEF,"The Chefs' Warehouse, Inc."
CHFC,Chemical Financial Corporation
CHI,Calamos Convertible Opportunities and Income Fund
CHKE,Cherokee Inc.
CHKP,Check Point Software Technologies Ltd.
CHMA,"Chiasma, Inc."
CHMG,Chemung Financial Corporation
CHOP,China Gerui Advanced Materials Group Ltd.
CHRW,CH Robinson Worldwide Inc.
CHTR,"Charter Communications, Inc."
CHUY,"Chuy's Holdings, Inc."
CHW,Calamos Global Dynamic Income Fund
CHY,Calamos Convertible and High Income Fund
CIGI,Colliers International Group Inc.
CINF,Cincinnati Financial Corp.
CISG,CNinsure Inc.
CKEC,Carmike Cinemas Inc.
CKSW,ClickSoftware Technologies Ltd.
CLDX,"Celldex Therapeutics, Inc."
CLMS,Calamos Asset Management Inc.
CLMT,Calumet Specialty Products Partners LP
CLNE,Clean Energy Fuels Corp.
CLVS,"Clovis Oncology, Inc."
CMCO,Columbus McKinnon Corporation
CMCSA,Comcast Corporation
CMCSK,Comcast Corporation
CME,CME Group Inc.
CMFN,CM Finance Inc.
CMLS,Cumulus Media Inc.
CMPR,Cimpress N.V.
CMTL,Comtech Telecommunications Corp.
CNBKA,Century Bancorp Inc.
CNIT,"China Information Technology, Inc."
CNMD,CONMED Corporation
CNOB,"ConnectOne Bancorp, Inc."
CNSL,Consolidated Communications Holdings Inc.
CNTF,China Techfaith Wireless Communication Technology Limited
CNV,Cnova N.V.
COBZ,CoBiz Financial Inc.
COHR,Coherent Inc.
COHU,"Cohu, Inc."
COKE,Coca-Cola Bottling Co. Consolidated
COLB,Columbia Banking System Inc.
COLL,"Collegium Pharmaceutical, Inc."
COLM,Columbia Sportswear Company
COMM,"CommScope Holding Company, Inc."
CONE,Cyrusone Inc.
CONN,Conns Inc.
CORE,"Core-Mark Holding Company, Inc."
COST,Costco Wholesale Corporation
COVS,Covisint Corporation
COWN,"Cowen Group, Inc."
CPHD,Cepheid
CPIX,"Cumberland Pharmaceuticals, Inc."
CPLA,Capella Education Co.
CPLP,Capital Product Partners L.P.
CPRT,"Copart, Inc."
CPSI,Computer Programs & Systems Inc.
CPTA,Capitala Finance Corp.
CRAI,CRA International Inc.
CRAY,Cray Inc.
CREE,"Cree, Inc."
CRESY,"Cresud Sociedad Anónima Comercial, Inmobiliaria, Financiera y Agropecuaria"
CRMT,America's Car-Mart Inc.
CRNT,Ceragon Networks Ltd.
CROX,"Crocs, Inc."
CRRC,Courier Corporation
CRTO,Criteo SA
CRUS,Cirrus Logic Inc.
CRVL,CorVel Corporation
CRWN,Crown Media Holdings Inc.
CRZO,Carrizo Oil & Gas Inc.
CSAL,"Communications Sales & Leasing, Inc."
CSBK,Clifton Bancorp Inc.
CSCO,"Cisco Systems, Inc."
CSFL,"CenterState Banks, Inc."
CSGP,CoStar Group Inc.
CSGS,CSG Systems International Inc.
CSII,Cardiovascular Systems Inc.
CSIQ,Canadian Solar Inc.
CSOD,"Cornerstone OnDemand, Inc."
CSQ,Calamos Strategic Total Return Fund
CSRE,CSR plc
CSTE,CaesarStone Sdot-Yam Ltd.
CSUN,China Sunergy Co. Ltd.
CSWC,Capital Southwest Corporation
CSX,CSX Corp.
CTAS,Cintas Corporation
CTBI,Community Trust Bancorp Inc.
CTCM,"CTC Media, Inc"
CTCT,"Constant Contact, Inc."
CTG,Computer Task Group Inc.
CTHR,Charles & Colvard Ltd.
CTMX,"CytomX Therapeutics, Inc."
CTRE,"CareTrust REIT, Inc."
CTRL,Control4 Corporation
CTRN,"Citi Trends, Inc."
CTRP,Ctrip.com International Ltd.
CTRX,Catamaran Corporation
CTSH,Cognizant Technology Solutions Corporation
CTWS,Connecticut Water Service Inc.
CTXS,"Citrix Systems, Inc."
CUTR,"Cutera, Inc."
CVBF,CVB Financial Corp.
CVCO,"Cavco Industries, Inc."
CVGI,Commercial Vehicle Group Inc.
CVGW,Calavo Growers Inc.
CVLT,"CommVault Systems, Inc."
CVTI,"Covenant Transportation Group, Inc."
CWCO,Consolidated Water Co. Ltd.
CWST,Casella Waste Systems Inc.
CXRX,Concordia Healthcare Corp.
CY,Cypress Semiconductor Corporation
CYBR,"CyberArk Software, Ltd."
CYBX,Cyberonics Inc.
CYNO,"Cynosure, Inc."
CYOU,Changyou.com Limited
CYTK,"Cytokinetics, Incorporated"
CZR,Caesars Entertainment Corporation
DAKT,Daktronics Inc.
DATE,Jiayuan.com International Ltd.
DAVE,Famous Dave's of America Inc.
DBVT,DBV Technologies S.A.
DCIX,Diana Containerships Inc.
DCOM,Dime Community Bancshares Inc.
DEPO,DepoMed Inc.
DERM,"Dermira, Inc."
DEST,Destination Maternity Corporation
DFRG,"Del Frisco's Restaurant Group, Inc."
DGAS,"Delta Natural Gas Company, Inc."
DGICA,Donegal Group Inc.
DGICB,Donegal Group Inc.
DGII,Digi International Inc.
DHIL,Diamond Hill Investment Group Inc.
DHXM,DHX Media Ltd.
DIOD,Diodes Incorporated
DISCA,"Discovery Communications, Inc."
DISCB,"Discovery Communications, Inc."
DISCK,"Discovery Communications, Inc."
DISH,Dish Network Corp.
DLTH,Duluth Holdings Inc.
DLTR,"Dollar Tree, Inc."
DMLP,Dorchester Minerals LP
DMND,"Diamond Foods, Inc."
DMRC,Digimarc Corporation
DMTX,"Dimension Therapeutics, Inc."
DNKN,"Dunkin' Brands Group, Inc."
DORM,"Dorman Products, Inc."
DOX,Amdocs Limited
DRNA,"Dicerna Pharmaceuticals, Inc."
DSGX,The Descartes Systems Group Inc
DSKY,"Daiichi Sankyo Company, Limited"
DSPG,DSP Group Inc.
DTLK,Datalink Corporation
DTSI,DTS Inc.
DTV,DIRECTV
DWA,DreamWorks Animation SKG Inc.
DWSN,Dawson Geophysical Company
DXCM,"DexCom, Inc."
DXLG,"Destination XL Group, Inc."
DXM,"Dex Media, Inc."
DXPE,"DXP Enterprises, Inc."
EA,Electronic Arts Inc.
EBAY,eBay Inc.
EBIX,Ebix Inc.
EBSB,"Meridian Bancorp, Inc."
EBTC,Enterprise Bancorp Inc.
ECHO,"Echo Global Logistics, Inc."
ECOL,"US Ecology, Inc."
ECPG,"Encore Capital Group, Inc."
ECYT,"Endocyte, Inc."
EDGE,"Edge Therapeutics, Inc."
EEFT,"Euronet Worldwide, Inc."
EFII,"Electronics for Imaging, Inc."
EFSC,Enterprise Financial Services Corp.
EGHT,8x8 Inc.
EGLE,Eagle Bulk Shipping Inc.
EGOV,NIC Inc.
EHTH,"eHealth, Inc."
EIGI,"Endurance International Group Holdings, Inc."
ELGX,Endologix Inc.
ELNK,EarthLink Holdings Corp.
ELON,Echelon Corporation
ELOS,Syneron Medical Ltd.
ELRC,Electro Rent Corporation
EMCI,EMC Insurance Group Inc.
EMITF,Elbit Imaging Ltd.
EMMS,Emmis Communications Corp.
EMMSP,Emmis Communications Corp.
ENDP,Endo International plc
ENOC,"EnerNOC, Inc."
ENSG,"The Ensign Group, Inc."
ENTA,"Enanta Pharmaceuticals, Inc."
ENTG,"Entegris, Inc."
ENVI,"Envivio, Inc."
ENZY,Enzymotec Ltd.
EPAX,Ambassadors Group Inc.
EPAY,"Bottomline Technologies (de), Inc."
EPIQ,"Epiq Systems, Inc."
EPZM,"Epizyme, Inc."
EQIX,"Equinix, Inc."
ERI,"Eldorado Resorts, Inc."
ERIC,Ericsson
ERIE,Erie Indemnity Company
ERII,"Energy Recovery, Inc."
EROC,"Eagle Rock Energy Partners, L.P."
ESGR,Enstar Group Limited
ESIO,Electro Scientific Industries Inc.
ESLT,Elbit Systems Ltd.
ESND,Essendant Inc.
ESRX,Express Scripts Holding Company
ESSA,"ESSA Bancorp, Inc."
ETFC,E*TRADE Financial Corporation
ETSY,"Etsy, Inc."
EVBS,Eastern Virginia Bankshares Inc.
EVEP,EV Energy Partners LP
EVLV,EVINE Live Inc.
EWBC,"East West Bancorp, Inc."
EXAC,Exactech Inc.
EXEL,"Exelixis, Inc."
EXFO,EXFO Inc
EXLP,"Exterran Partners, L.P."
EXLS,"Exlservice Holdings, Inc."
EXPD,Expeditors International of Washington Inc.
EXPE,Expedia Inc.
EXPO,Exponent Inc.
EXTR,Extreme Networks Inc.
EXXI,Energy XXI Ltd.
EZCH,EZchip Semiconductor Ltd.
EZPW,"EZCORP, Inc."
FANG,"Diamondback Energy, Inc."
FARM,Farmer Brothers Co.
FARO,FARO Technologies Inc.
FAST,Fastenal Company
FB,"Facebook, Inc."
FBIZ,"First Business Financial Services, Inc."
FBNC,First Bancorp
FBNK,"First Connecticut Bancorp, Inc."
FBRC,FBR & Co.
FCBC,"First Community Bancshares, Inc."
FCFS,First Cash Financial Services Inc.
FCNCA,First Citizens Bancshares Inc.
FCS,Fairchild Semiconductor International Inc.
FDEF,First Defiance Financial Corp.
FDML,Federal-Mogul Holdings Corporation
FDUS,Fidus Investment Corporation
FEIC,FEI Company
FELE,"Franklin Electric Co., Inc."
FEYE,"FireEye, Inc."
FFBC,First Financial Bancorp.
FFBCW,First Financial Bancorp.
FFIC,Flushing Financial Corp.
FFIN,First Financial Bankshares Inc.
FFIV,"F5 Networks, Inc."
FFKT,Farmers Capital Bank Corporation
FFNW,"First Financial Northwest, Inc."
FGEN,"FibroGen, Inc."
FIBK,First Interstate Bancsystem Inc.
FINL,Finish Line Inc.
FISI,Financial Institutions Inc.
FISV,"Fiserv, Inc."
FITB,Fifth Third Bancorp
FITBI,Fifth Third Bancorp
FIVE,"Five Below, Inc."
FIZZ,National Beverage Corp.
FLDM,Fluidigm Corporation
FLEX,Flextronics International Ltd.
FLIR,"FLIR Systems, Inc."
FLWS,1-800-Flowers.com Inc.
FLXS,Flexsteel Industries Inc.
FMBI,First Midwest Bancorp Inc.
FMER,FirstMerit Corporation
FMI,"Foundation Medicine, Inc."
FNBC,First NBC Bank Holding Company
FNFG,First Niagara Financial Group Inc.
FNGN,"Financial Engines, Inc."
FNLC,"The First Bancorp, Inc."
FNSR,Finisar Corp.
FOGO,"Fogo de Chao, Inc."
FORM,FormFactor Inc.
FORR,Forrester Research Inc.
FORTY,Formula Systems (1985) Ltd.
FOSL,"Fossil Group, Inc."
FOX,"Twenty-First Century Fox, Inc."
FOXA,"Twenty-First Century Fox, Inc."
FOXF,Fox Factory Holding Corp
FPRX,"Five Prime Therapeutics, Inc."
FRAN,Francesca's Holdings Corporation
FRED,"Fred's, Inc."
FRGI,"Fiesta Restaurant Group, Inc."
FRME,First Merchants Corporation
FRPH,"FRP Holdings, Inc."
FRSH,"Papa Murphy's Holdings, Inc."
FSAM,Fifth Street Asset Management Inc.
FSBK,First South Bancorp Inc.
FSC,Fifth Street Finance Corp.
FSCFL,Fifth Street Finance Corp.
FSFR,Fifth Street Senior Floating Rate Corp.
FSLR,"First Solar, Inc."
FSRV,FirstService Corporation
FSTR,LB Foster Co.
FSV,FirstService Corporation
FSYS,"Fuel Systems Solutions, Inc."
FTD,"FTD Companies, Inc."
FTEK,"Fuel-Tech, Inc."
FTNT,Fortinet Inc.
FTR,Frontier Communications Corporation
FUEL,Rocket Fuel Inc.
FULT,Fulton Financial Corporation
FUNC,First United Corporation
FUND,"Sprott Focus Trust, Inc."
FWP,Forward Pharma A/S
FWRD,Forward Air Corp.
FXCB,"Fox Chase Bancorp, Inc."
FXEN,FX Energy Inc.
FXENP,FX Energy Inc.
GAIN,Gladstone Investment Corporation
GAINN,Gladstone Investment Corporation
GAME,Shanda Games Limited
GARS,Garrison Capital Inc.
GASS,"StealthGas, Inc."
GBCI,"Glacier Bancorp, Inc."
GBDC,"Golub Capital BDC, Inc."
GBLI,Global Indemnity plc
GBNK,Guaranty Bancorp
GBT,"Global Blood Therapeutics, Inc."
GEOS,Geospace Technologies Corporation
GERN,Geron Corporation
GEVA,Synageva BioPharma Corp.
GHDX,Genomic Health Inc.
GIFI,Gulf Island Fabrication Inc.
GIII,"G-III Apparel Group, Ltd."
GILD,Gilead Sciences Inc.
GILT,Gilat Satellite Networks Ltd.
GK,G&K; Services Inc.
GLAD,Gladstone Capital Corporation
GLADO,Gladstone Capital Corporation
GLBL,"TerraForm Global, Inc."
GLDD,Great Lakes Dredge & Dock Corporation
GLNG,Golar LNG Ltd.
GLPG,Galapagos NV
GLPI,"Gaming and Leisure Properties, Inc"
GLRE,"Greenlight Capital Re, Ltd."
GLUU,"Glu Mobile, Inc."
GMAN,"Gordmans Stores, Inc."
GMCR,"Keurig Green Mountain, Inc."
GMLP,Golar LNG Partners LP
GNBC,"Green Bancorp, Inc."
GNCMA,General Communication Inc.
GNTX,Gentex Corp.
GOGL,Golden Ocean Group Limited
GOGO,Gogo Inc.
GOLD,Randgold Resources Limited
GOOD,Gladstone Commercial Corp.
GOODN,Gladstone Commercial Corp.
GOODP,Gladstone Commercial Corp.
GOOG,Alphabet Inc.
GOOGL,Alphabet Inc.
GPOR,Gulfport Energy Corp.
GPRE,Green Plains Inc.
GPRO,"GoPro, Inc."
GRFS,"Grifols, S.A."
GRMN,Garmin Ltd.
GRPN,"Groupon, Inc."
GSBC,Great Southern Bancorp Inc.
GSIG,GSI Group Inc.
GSIT,GSI Technology Inc.
GSM,Ferroglobe PLC
GSOL,Global Sources Ltd.
GT,The Goodyear Tire & Rubber Company
GTLS,Chart Industries Inc.
GURE,"Gulf Resources, Inc."
HA,Hawaiian Holdings Inc.
HAFC,Hanmi Financial Corporation
HAIN,"The Hain Celestial Group, Inc."
HALO,"Halozyme Therapeutics, Inc."
HAS,Hasbro Inc.
HAWK,"Blackhawk Network Holdings, Inc."
HAYN,"Haynes International, Inc."
HBAN,Huntington Bancshares Incorporated
HBANP,Huntington Bancshares Incorporated
HBCP,"Home Bancorp, Inc."
HBHC,Hancock Holding Company
HBHCL,Hancock Holding Company
HBNC,Horizon Bancorp
HBOS,"Heritage Financial Group, Inc."
HCBK,"Hudson City Bancorp, Inc."
HCCI,"Heritage-Crystal Clean, Inc"
HCKT,"The Hackett Group, Inc."
HCOM,"Hawaiian Telcom Holdco, Inc."
HCSG,Healthcare Services Group Inc.
HDNG,Hardinge Inc.
HDP,"Hortonworks, Inc."
HDS,"HD Supply Holdings, Inc."
HEES,H&E; Equipment Services Inc.
HELE,Helen of Troy Limited
HFWA,Heritage Financial Corporation
HIBB,"Hibbett Sports, Inc."
HIMX,"Himax Technologies, Inc."
HKTV,Hong Kong Television Network Limited
HLIT,Harmonic Inc.
HMHC,Houghton Mifflin Harcourt Company
HMIN,Homeinns Hotel Group
HMPR,Hampton Roads Bankshares Inc.
HMST,"HomeStreet, Inc."
HMSY,HMS Holdings Corp.
HOFT,Hooker Furniture Corp.
HOLI,"HollySys Automation Technologies, Ltd."
HOLX,Hologic Inc.
HOMB,"Home Bancshares, Inc. (Conway, AR)"
HQCL,"Hanwha Q CELLS Co., Ltd."
HQY,"HealthEquity, Inc."
HRZN,Horizon Technology Finance Corporation
HSIC,"Henry Schein, Inc."
HSII,Heidrick & Struggles International Inc.
HSNI,"HSN, Inc."
HSON,"Hudson Global, Inc"
HSTM,Healthstream Inc.
HTBI,"HomeTrust Bancshares, Inc."
HTBK,Heritage Commerce Corp.
HTCH,Hutchinson Technology Inc.
HTHT,"China Lodging Group, Limited"
HTLD,"Heartland Express, Inc."
HTLF,"Heartland Financial USA, Inc."
HTWR,Heartware International Inc.
HUBG,Hub Group Inc.
HURC,Hurco Companies Inc.
HURN,Huron Consulting Group Inc.
HWAY,Healthways Inc.
HWBK,"Hawthorn Bancshares, Inc."
HWCC,Houston Wire & Cable Company
HWKN,Hawkins Inc.
HZNP,Horizon Pharma plc
IACI,IAC/InterActiveCorp
IART,Integra LifeSciences Holdings Corporation
IBCP,Independent Bank Corporation
IBKC,IberiaBank Corp.
IBKR,"Interactive Brokers Group, Inc."
IBOC,International Bancshares Corporation
IBTX,"Independent Bank Group, Inc."
ICLR,ICON Public Limited Company
ICON,"Iconix Brand Group, Inc."
ICPT,"Intercept Pharmaceuticals, Inc."
ICUI,"ICU Medical, Inc."
IDCC,"InterDigital, Inc."
IDTI,"Integrated Device Technology, Inc."
IDXX,"IDEXX Laboratories, Inc."
IEP,"Icahn Enterprises, L.P."
IGLD,Internet Gold Golden Lines Ltd.
IGTE,iGATE Corporation
IIJI,Internet Initiative Japan Inc.
IILG,"Interval Leisure Group, Inc."
IIVI,II-VI Incorporated
ILMN,Illumina Inc.
IMGN,"ImmunoGen, Inc."
IMKTA,"Ingles Markets, Incorporated"
IMMR,Immersion Corporation
INAP,Internap Corporation
INCR,"INC Research Holdings, Inc."
INCY,Incyte Corporation
INDB,Independent Bank Corp.
INFA,Informatica Corporation
INFI,"Infinity Pharmaceuticals, Inc."
INFN,Infinera Corporation
INGN,"Inogen, Inc."
ININ,Interactive Intelligence Group Inc.
INO,"Inovio Pharmaceuticals, Inc."
INOV,"Inovalon Holdings, Inc."
INTC,Intel Corporation
INTL,INTL FCStone Inc.
INTLL,INTL FCStone Inc.
INTU,Intuit Inc.
INWK,InnerWorkings Inc.
IONS,"Ionis Pharmaceuticals, Inc."
IOSP,Innospec Inc.
IPAR,Inter Parfums Inc.
IPAS,iPass Inc.
IPCC,Infinity Property and Casualty Corp.
IPCM,"IPC Healthcare, Inc."
IPGP,IPG Photonics Corporation
IPHS,Innophos Holdings Inc
IPXL,Impax Laboratories Inc.
IRBT,iRobot Corporation
IRDM,Iridium Communications Inc.
IRG,"Ignite Restaurant Group, Inc."
IRWD,"Ironwood Pharmaceuticals, Inc."
ISBC,Investors Bancorp Inc.
ISCA,International Speedway Corp.
ISIL,Intersil Corporation
ISIS,"Isis Pharmaceuticals, Inc."
ISLE,"Isle of Capri Casinos, Inc."
ISRG,"Intuitive Surgical, Inc."
ISSC,Innovative Solutions & Support Inc.
ISSI,"Integrated Silicon Solution, Inc."
ITCI,"Intra-Cellular Therapies, Inc."
ITIC,Investors Title Co.
ITRI,"Itron, Inc."
ITRN,Ituran Location & Control Ltd.
IXYS,IXYS Corp.
JACK,Jack in the Box Inc.
JAKK,"JAKKS Pacific, Inc."
JASO,"JA Solar Holdings Co., Ltd."
JAZZ,Jazz Pharmaceuticals Public Limited Company
JBHT,JB Hunt Transport Services Inc.
JBLU,JetBlue Airways Corporation
JBSS,John B Sanfilippo & Son Inc.
JCOM,"j2 Global, Inc."
JD,"JD.com, Inc."
JIVE,"Jive Software, Inc."
JJSF,J&J; Snack Foods Corp.
JKHY,Jack Henry & Associates Inc.
JNP,"Juniper Pharmaceuticals, Inc."
JOBS,51job Inc.
JOUT,Johnson Outdoors Inc.
JRJC,"China Finance Online Co., Ltd."
JRVR,"James River Group Holdings, Ltd."
JST,Jinpan International Limited
JUNO,Juno Therapeutics Inc.
KALU,Kaiser Aluminum Corporation
KANG,"iKang Healthcare Group, Inc."
KBAL,"Kimball International, Inc."
KCAP,"KCAP Financial, Inc."
KE,"Kimball Electronics, Inc."
KELYA,"Kelly Services, Inc."
KELYB,"Kelly Services, Inc."
KEYW,The KEYW Holding Corporation
KFRC,Kforce Inc.
KFX,Kofax Limited
KHC,The Kraft Heinz Company
KIRK,Kirkland's Inc.
KITE,"Kite Pharma, Inc."
KLAC,KLA-Tencor Corporation
KLIC,"Kulicke and Soffa Industries, Inc."
KLXI,KLX Inc.
KMDA,Kamada Ltd.
KNDI,"Kandi Technologies Group, Inc."
KOPN,Kopin Corporation
KPTI,"Karyopharm Therapeutics, Inc."
KRFT,"Kraft Foods Group, Inc."
KRNT,"Kornit Digital, Ltd."
KRNY,Kearny Financial Corp.
KTOS,"Kratos Defense & Security Solutions, Inc."
KTWO,"K2M Group Holdings, Inc."
KURA,"Kura Oncology, Inc."
KVHI,KVH Industries Inc.
KYTH,"Kythera Biopharmaceuticals, Inc."
KZ,Kongzhong Corp.
LABL,Multi-Color Corp.
LAMR,Lamar Advertising Co.
LANC,Lancaster Colony Corporation
LAWS,Lawson Products Inc.
LAYN,Layne Christensen Company
LBAI,Lakeland Bancorp Inc.
LBRDA,Liberty Broadband Corporation
LBRDK,Liberty Broadband Corporation
LBTYA,Liberty Global plc
LBTYB,Liberty Global plc
LBTYK,Liberty Global plc
LCUT,"Lifetime Brands, Inc."
LDRH,LDR Holding Corporation
LECO,Lincoln Electric Holdings Inc.
LFUS,Littelfuse Inc.
LGCY,Legacy Reserves LP
LGCYO,Legacy Reserves LP
LGCYP,Legacy Reserves LP
LGIH,"LGI Homes, Inc."
LHCG,"LHC Group, Inc."
LIFE,aTyr Pharma Inc.
LILA,Liberty LiLAC Group
LILAK,Liberty LiLAC Group
LINC,Lincoln Educational Services Corporation
LINE,"Linn Energy, LLC"
LION,Fidelity Southern Corporation
LIOX,Lionbridge Technologies Inc.
LITE,Lumentum Holdings Inc.
LIVN,LivaNova PLC
LKFN,Lakeland Financial Corp.
LKQ,LKQ Corp.
LLNW,"Limelight Networks, Inc."
LLTC,Linear Technology Corporation
LMCA,Liberty Media Corporation
LMCB,Liberty Media Corporation
LMCK,Liberty Media Corporation
LMIA,LMI Aerospace Inc.
LMNR,Limoneira Company
LMNS,Lumenis Ltd.
LMNX,Luminex Corporation
LMOS,Lumos Networks Corp.
LNCE,"Snyder's-Lance, Inc."
LNCO,"Linn Co, LLC"
LNDC,Landec Corp.
LOB,"Live Oak Bancshares, Inc."
LOCO,"El Pollo Loco Holdings, Inc."
LOGI,Logitech International SA
LOGM,"LogMeIn, Inc."
LOJN,LoJack Corporation
LONG,eLong Inc.
LOPE,"Grand Canyon Education, Inc."
LORL,"Loral Space & Communications, Inc."
LPLA,LPL Financial Holdings Inc.
LPNT,"LifePoint Health, Inc."
LPSN,LivePerson Inc.
LQDT,"Liquidity Services, Inc."
LRCX,Lam Research Corporation
LSCC,Lattice Semiconductor Corporation
LSTR,Landstar System Inc.
LTRPA,"Liberty TripAdvisor Holdings, Inc."
LTRPB,"Liberty TripAdvisor Holdings, Inc."
LTXB,LegacyTexas Financial Group Inc.
LULU,Lululemon Athletica Inc.
LVNTA,Liberty Ventures
LVNTB,Liberty Ventures
LXRX,"Lexicon Pharmaceuticals, Inc."
LYTS,LSI Industries Inc.
MANH,"Manhattan Associates, Inc."
MANT,ManTech International Corporation
MAR,"Marriott International, Inc."
MASI,Masimo Corporation
MAT,"Mattel, Inc."
MATW,Matthews International Corporation
MBFI,MB Financial Inc.
MBTF,MBT Financial Corp.
MBVT,Merchants Bancshares Inc.
MBWM,Mercantile Bank Corp.
MCBC,Macatawa Bank Corp.
MCEP,"Mid-Con Energy Partners, LP"
MCGC,MCG Capital Corporation
MCHP,Microchip Technology Inc.
MCHX,"Marchex, Inc."
MCOX,Mecox Lane Limited
MCRB,"Seres Therapeutics, Inc."
MCRI,Monarch Casino & Resort Inc.
MCRL,Micrel Inc.
MDAS,"MedAssets, Inc."
MDCA,MDC Partners Inc.
MDCO,The Medicines Company
MDLZ,"Mondelez International, Inc."
MDM,Mountain Province Diamonds Inc.
MDRX,"Allscripts Healthcare Solutions, Inc."
MDSO,"Medidata Solutions, Inc."
MDVN,"Medivation, Inc."
MELI,"Mercadolibre, Inc."
MEMP,Memorial Production Partners LP
MENT,Mentor Graphics Corp.
MEOH,Methanex Corporation
MERC,Mercer International Inc.
MESO,Mesoblast Limited
METR,"Metro Bancorp, Inc."
MFLX,"Multi-Fineline Electronix, Inc."
MFRM,Mattress Firm Holding Corp.
MGEE,MGE Energy Inc.
MGI,Moneygram International Inc.
MGIC,Magic Software Enterprises Ltd.
MGLN,"Magellan Health, Inc."
MGNX,"MacroGenics, Inc."
MGPI,MGP Ingredients Inc.
MGRC,McGrath Rentcorp
MHLD,"Maiden Holdings, Ltd."
MHLDO,"Maiden Holdings, Ltd."
MIDD,Middleby Corp.
MIFI,Novatel Wireless Inc.
MIK,"The Michaels Companies, Inc."
MIME,Mimecast Limited
MIND,Mitcham Industries Inc.
MINI,"Mobile Mini, Inc."
MITL,Mitel Networks Corporation
MKSI,"MKS Instruments, Inc."
MKTO,"Marketo, Inc."
MKTX,MarketAxess Holdings Inc.
MLAB,Mesa Laboratories Inc.
MLHR,Herman Miller Inc.
MLNK,"ModusLink Global Solutions, Inc."
MLNX,"Mellanox Technologies, Ltd."
MMLP,Martin Midstream Partners LP
MMSI,"Merit Medical Systems, Inc."
MMYT,MakeMyTrip Limited
MNRO,Monro Muffler Brake Inc.
MNST,Monster Beverage Corporation
MNTA,Momenta Pharmaceuticals Inc.
MOBL,"MobileIron, Inc."
MOFG,"MidWest One Financial Group, Inc."
MOLG,"MOL Global, Inc."
MOMO,Momo Inc.
MORN,Morningstar Inc.
MOSY,"MoSys, Inc."
MPAA,"Motorcar Parts of America, Inc."
MPEL,Melco Crown Entertainment Limited
MPWR,"Monolithic Power Systems, Inc."
MRCC,Monroe Capital Corporation
MRCY,"Mercury Systems, Inc."
MRD,Memorial Resource Development Corp.
MRGE,Merge Healthcare Incorporated
MRKT,Markit Ltd.
MRLN,Marlin Business Services Corp.
MRTN,Marten Transport Ltd.
MRVL,Marvell Technology Group Ltd.
MSCC,Microsemi Corporation
MSEX,Middlesex Water Co.
MSFG,"MainSource Financial Group, Inc."
MSFT,Microsoft Corporation
MSTR,MicroStrategy Inc.
MTCH,"Match Group, Inc."
MTEX,"Mannatech, Incorporated"
MTGE,American Capital Mortgage Investment Corp.
MTGEP,American Capital Mortgage Investment Corp.
MTLS,Materialise NV
MTRX,Matrix Service Company
MTSC,MTS Systems Corporation
MTSI,"M/A-Com Technology Solutions Holdings, Inc."
MTSN,Mattson Technology Inc.
MU,"Micron Technology, Inc."
MXIM,"Maxim Integrated Products, Inc."
MXWL,"Maxwell Technologies, Inc."
MYGN,"Myriad Genetics, Inc."
MYL,Mylan N.V.
MYOK,"MyoKardia, Inc."
MYRG,"MYR Group, Inc."
NAME,"Rightside Group, Ltd."
NANO,Nanometrics Incorporated
NATH,Nathan's Famous Inc.
NATI,National Instruments Corporation
NATL,National Interstate Corporation
NAVG,Navigators Group Inc.
NAVI,Navient Corporation
NBBC,NewBridge Bancorp
NBIX,Neurocrine Biosciences Inc.
NBRV,Nabriva Therapeutics AG
NBTB,"NBT Bancorp, Inc."
NCIT,"NCI, Inc."
NCLH,Norwegian Cruise Line Holdings Ltd.
NCMI,"National CineMedia, Inc."
NCOM,National Commerce Corporation
NCTY,The9 Limited
NDAQ,"Nasdaq, Inc."
NDLS,Noodles & Company
NDSN,Nordson Corporation
NEOG,Neogen Corp.
NEWP,Newport Corp.
NEWS,"NewStar Financial, Inc."
NFBK,"Northfield Bancorp, Inc. (Staten Island, NY)"
NFLX,"Netflix, Inc."
NICE,NICE Systems Ltd.
NICK,Nicholas Financial Inc.
NIHD,NII Holdings Inc.
NILE,Blue Nile Inc.
NK,"NantKwest, Inc."
NKTR,Nektar Therapeutics
NMRX,Numerex Corp.
NNBR,NN Inc.
NPBC,National Penn Bancshares Inc.
NRCIA,National Research Corp.
NRCIB,National Research Corp.
NRIM,Northrim Bancorp Inc.
NSIT,Insight Enterprises Inc.
NSSC,"Napco Security Technologies, Inc."
NTAP,"NetApp, Inc."
NTCT,"NetScout Systems, Inc."
NTES,"NetEase, Inc."
NTGR,Netgear Inc.
NTK,Nortek Inc.
NTLS,NTELOS Holdings Corp.
NTRA,"Natera, Inc."
NTRI,"Nutrisystem, Inc."
NTRS,Northern Trust Corporation
NTRSP,Northern Trust Corporation
NUAN,"Nuance Communications, Inc."
NUTR,Nutraceutical International Corporation
NUVA,"NuVasive, Inc."
NVAX,"Novavax, Inc."
NVCR,NovoCure Limited
NVDA,NVIDIA Corporation
NVMI,Nova Measuring Instruments Ltd.
NWBI,"Northwest Bancshares, Inc."
NWLI,"National Western Life Group, Inc."
NWPX,Northwest Pipe Co.
NWS,News Corporation
NWSA,News Corporation
NXPI,NXP Semiconductors NV
NXST,"Nexstar Broadcasting Group, Inc."
NXTM,"Nxstage Medical, Inc."
NYMT,New York Mortgage Trust Inc.
NYMTO,New York Mortgage Trust Inc.
NYMTP,New York Mortgage Trust Inc.
OCFC,OceanFirst Financial Corp.
OCLR,"Oclaro, Inc."
ODFL,Old Dominion Freight Line Inc.
ODP,"Office Depot, Inc."
OFIX,Orthofix International N.V.
OFS,OFS Capital Corporation
OHAI,OHA Investment Corporation
OIIM,O2Micro International Ltd.
OKSB,Southwest Bancorp Inc.
OLED,Universal Display Corp.
OMAB,"Grupo Aeroportuario del Centro Norte, S.A.B. de C.V."
OMCL,"Omnicell, Inc."
OMED,"OncoMed Pharmaceuticals, Inc."
ON,ON Semiconductor Corp.
ONB,Old National Bancorp.
ONCE,"Spark Therapeutics, Inc."
ONTX,"Onconova Therapeutics, Inc."
ONTY,Oncothyreon Inc
OPB,Opus Bank
OPHT,Ophthotech Corporation
ORBC,"ORBCOMM, Inc."
ORBK,Orbotech Ltd.
OREX,"Orexigen Therapeutics, Inc."
ORIG,Ocean Rig UDW Inc.
ORIT,Oritani Financial Corp.
ORLY,O'Reilly Automotive Inc.
OSBC,Old Second Bancorp Inc.
OSBCP,"Old Second Bancorp, Inc."
OSIS,"OSI Systems, Inc."
OSUR,"OraSure Technologies, Inc."
OTEX,Open Text Corporation
OTIC,"Otonomy, Inc."
OTTR,Otter Tail Corporation
OUTR,Outerwall Inc.
OVTI,"OmniVision Technologies, Inc."
OXLC,Oxford Lane Capital Corp.
OXLCN,Oxford Lane Capital Corp.
OXLCO,Oxford Lane Capital Corp.
OXLCP,Oxford Lane Capital Corp.
OZRK,"Bank of the Ozarks, Inc."
PAAS,Pan American Silver Corp.
PACB,"Pacific Biosciences of California, Inc."
PACW,PacWest Bancorp
PATI,"Patriot Transportation Holding, Inc."
PATK,Patrick Industries Inc.
PAYX,"Paychex, Inc."
PBCT,People's United Financial Inc.
PBPB,Potbelly Corporation
PCAR,PACCAR Inc.
PCBK,Pacific Continental Corp.
PCCC,"PC Connection, Inc."
PCH,Potlatch Corporation
PCLN,The Priceline Group Inc.
PCO,Pendrell Corporation
PCRX,"Pacira Pharmaceuticals, Inc."
PCTI,"PCTEL, Inc."
PCTY,Paylocity Holding Corporation
PCYC,Pharmacyclics Inc.
PDCE,"PDC Energy, Inc."
PDCO,"Patterson Companies, Inc."
PDFS,PDF Solutions Inc.
PDLI,"PDL BioPharma, Inc."
PEBO,Peoples Bancorp Inc.
PEGA,Pegasystems Inc.
PEGI,Pattern Energy Group Inc.
PENN,Penn National Gaming Inc.
PERI,Perion Network Ltd.
PERY,Perry Ellis International Inc.
PETS,"PetMed Express, Inc."
PFBC,Preferred Bank
PFIS,Peoples Financial Services Corp.
PFLT,PennantPark Floating Rate Capital Ltd.
PFMT,Performant Financial Corporation
PGC,Peapack-Gladstone Financial Corp.
PGNX,"Progenics Pharmaceuticals, Inc."
PHII,PHI Inc.
PHIIK,PHI Inc.
PHMD,"PhotoMedex, Inc."
PICO,PICO Holdings Inc.
PINC,"Premier, Inc."
PKOH,Park-Ohio Holdings Corp.
PKT,"Procera Networks, Inc."
PLAB,Photronics Inc.
PLAY,"Dave & Buster's Entertainment, Inc."
PLCE,"The Children's Place, Inc."
PLCM,"Polycom, Inc."
PLKI,"Popeyes Louisiana Kitchen, Inc."
PLPC,Preformed Line Products Company
PLUS,ePlus inc.
PLXS,Plexus Corp.
PMBC,Pacific Mercantile Bancorp
PMCS,PMC-Sierra Inc.
PMFG,"PMFG, Inc."
PNFP,Pinnacle Financial Partners Inc.
PNK,Pinnacle Entertainment Inc.
PNNT,PennantPark Investment Corporation
PNRA,Panera Bread Company
PODD,Insulet Corporation
POOL,Pool Corp.
POWI,Power Integrations Inc.
POWL,"Powell Industries, Inc."
POZN,POZEN Inc.
PPBI,Pacific Premier Bancorp Inc.
PPC,Pilgrim's Pride Corporation
PRAA,"PRA Group, Inc."
PRAH,"PRA Health Sciences, Inc."
PRFT,Perficient Inc.
PRGS,Progress Software Corporation
PRGX,"PRGX Global, Inc."
PRIM,Primoris Services Corporation
PROV,"Provident Financial Holdings, Inc."
PRSC,Providence Service Corp.
PRSS,CafePress Inc.
PRTA,Prothena Corporation plc
PRTS,"U.S. Auto Parts Network, Inc."
PRXL,PAREXEL International Corporation
PSEC,Prospect Capital Corporation
PSEM,Pericom Semiconductor Corp.
PSMT,PriceSmart Inc.
PSTB,Park Sterling Corporation
PSUN,Pacific Sunwear of California Inc.
PTC,PTC Inc.
PTCT,"PTC Therapeutics, Inc."
PTEN,Patterson-UTI Energy Inc.
PTIE,Pain Therapeutics Inc.
PTLA,"Portola Pharmaceuticals, Inc."
PTNR,Partner Communications Company Ltd.
PTXP,"PennTex Midstream Partners, LP"
PULB,Pulaski Financial Corporation
PVTB,"PrivateBancorp, Inc."
PWOD,Penns Woods Bancorp Inc.
PWRD,"Perfect World Co., Ltd."
PYPL,"PayPal Holdings, Inc."
PZZA,Papa John's International Inc.
QADA,QAD Inc.
QADB,QAD Inc.
QCOM,QUALCOMM Incorporated
QDEL,Quidel Corp.
QGEN,Qiagen NV
QIWI,Qiwi plc
QLGC,QLogic Corp.
QLIK,"Qlik Technologies, Inc."
QLTI,QLT Inc.
QLYS,"Qualys, Inc."
QNST,"QuinStreet, Inc."
QQQX,Nuveen Nasdaq 100 Dynamic Overwrite Fund
QRVO,"Qorvo, Inc."
QSII,Quality Systems Inc.
QUMU,Qumu Corporation
QURE,uniQure N.V.
QVCA,Liberty Interactive Corporation
QVCB,Liberty Interactive Corporation
RAIL,FreightCar America Inc.
RARE,Ultragenyx Pharmaceutical Inc.
RAVN,Raven Industries Inc.
RBCAA,Republic Bancorp Inc.
RBCN,"Rubicon Technology, Inc."
RCII,"Rent-A-Center, Inc."
RCKY,"Rocky Brands, Inc."
RCPT,"Receptos, Inc."
RDEN,"Elizabeth Arden, Inc."
RDWR,Radware Ltd.
RECN,"Resources Connection, Inc."
REGI,"Renewable Energy Group, Inc."
REGN,"Regeneron Pharmaceuticals, Inc."
REIS,"Reis, Inc."
RELL,Richardson Electronics Ltd.
RELV,"Reliv' International, Inc."
RELY,"Real Industry, Inc."
REMY,"Rémy Cointreau SA
"
RENT,Rentrak Corporation
REXI,"Resource America, Inc."
REXX,Rex Energy Corporation
RGEN,Repligen Corporation
RGLD,"Royal Gold, Inc."
RGNX,Regenxbio Inc.
RIGL,"Rigel Pharmaceuticals, Inc."
RJET,Republic Airways Holdings Inc.
RLOC,"ReachLocal, Inc."
RLYP,"Relypsa, Inc."
RMBS,Rambus Inc.
RNET,"RigNet, Inc."
RNST,Renasant Corp.
RNWK,RealNetworks Inc.
ROCK,"Gibraltar Industries, Inc."
ROIC,Retail Opportunity Investments Corp.
ROLL,RBC Bearings Inc.
ROSE,"Rosetta Resources, Inc."
ROST,Ross Stores Inc.
ROVI,Rovi Corporation
RP,"RealPage, Inc."
RPXC,RPX Corporation
RRD,R.R. Donnelley & Sons Company
RRGB,Red Robin Gourmet Burgers Inc.
RRM,RR Media Ltd.
RSTI,Rofin-Sinar Technologies Inc.
RSYS,RadiSys Corporation
RTIX,RTI Surgical Inc.
RUN,Sunrun Inc.
RUSHA,"Rush Enterprises, Inc."
RUSHB,"Rush Enterprises, Inc."
RUTH,Ruth's Hospitality Group Inc.
RVSB,Riverview Bancorp Inc.
RYAAY,Ryanair Holdings plc
SABR,Sabre Corporation
SAFM,"Sanderson Farms, Inc."
SAFT,Safety Insurance Group Inc.
SAIA,"Saia, Inc."
SALE,"RetailMeNot, Inc."
SANM,Sanmina Corporation
SASR,Sandy Spring Bancorp Inc.
SATS,EchoStar Corp.
SAVE,"Spirit Airlines, Inc."
SBAC,SBA Communications Corp.
SBBP,Strongbridge Biopharma 
SBCF,Seacoast Banking Corp. of Florida
SBGI,"Sinclair Broadcast Group, Inc."
SBLK,Star Bulk Carriers Corp.
SBLKL,Star Bulk Carriers Corp.
SBNY,Signature Bank
SBNYW,Signature Bank
SBRA,"Sabra Health Care REIT, Inc."
SBRAP,"Sabra Health Care REIT, Inc."
SBSI,Southside Bancshares Inc.
SBUX,Starbucks Corporation
SCAI,"Surgical Care Affiliates, Inc."
SCHL,Scholastic Corporation
SCHN,"Schnitzer Steel Industries, Inc."
SCLN,"SciClone Pharmaceuticals, Inc."
SCOR,"comScore, Inc."
SCSC,"ScanSource, Inc."
SCSS,Select Comfort Corporation
SCTY,SolarCity Corporation
SCVL,Shoe Carnival Inc.
SEAC,"SeaChange International, Inc."
SEDG,"SolarEdge Technologies, Inc."
SEED,Origin Agritech Limited
SEIC,SEI Investments Co.
SEMI,SunEdison Semiconductor Limited
SENEA,Seneca Foods Corp.
SENEB,Seneca Foods Corp.
SFBS,"ServisFirst Bancshares, Inc."
SFLY,"Shutterfly, Inc."
SFM,"Sprouts Farmers Market, Inc."
SFNC,Simmons First National Corporation
SFXE,"SFX Entertainment, Inc."
SGBK,Stonegate Bank
SGEN,"Seattle Genetics, Inc."
SGI,Silicon Graphics International Corp.
SGMO,Sangamo Biosciences Inc.
SGMS,Scientific Games Corporation
SGNT,"Sagent Pharmaceuticals, Inc."
SGRY,"Surgery Partners, Inc."
SGYP,"Synergy Pharmaceuticals, Inc."
SHBI,"Shore Bancshares, Inc."
SHEN,Shenandoah Telecommunications Co.
SHLD,Sears Holdings Corporation
SHLDW,Sears Holdings Corporation
SHLM,"A. Schulman, Inc."
SHLO,Shiloh Industries Inc.
SHOO,"Steven Madden, Ltd."
SHOR,"ShoreTel, Inc."
SHPG,Shire plc
SIAL,Sigma-Aldrich Corporation
SIEN,"Sientra, Inc."
SIFY,Sify Technologies Limited
SIGI,Selective Insurance Group Inc.
SIGM,"Sigma Designs, Inc."
SILC,Silicom Ltd.
SIMO,Silicon Motion Technology Corp.
SINA,SINA Corporation
SIRI,Sirius XM Holdings Inc.
SIRO,Sirona Dental Systems Inc.
SIVB,SVB Financial Group
SIVBO,SVB Financial Group
SKUL,"Skullcandy, Inc."
SKYW,SkyWest Inc.
SLAB,Silicon Laboratories Inc.
SLGN,Silgan Holdings Inc.
SLM,SLM Corporation
SLMBP,SLM Corporation
SLRC,Solar Capital Ltd.
SMCI,"Super Micro Computer, Inc."
SMRT,Stein Mart Inc.
SMSI,Smith Micro Software Inc.
SMTC,Semtech Corporation
SNAK,"Inventure Foods, Inc."
SNBC,Sun Bancorp Inc.
SNC,"State National Companies, Inc."
SNCR,"Synchronoss Technologies, Inc."
SNDK,SanDisk Corp.
SNHY,Sun Hydraulics Corp.
SNPS,Synopsys Inc.
SODA,SodaStream International Ltd.
SOHU,Sohu.com Inc.
SONC,Sonic Corp.
SONS,"Sonus Networks, Inc."
SP,SP Plus Corporation
SPAR,Spartan Motors Inc.
SPIL,Siliconware Precision Industries Co. Ltd.
SPKE,"Spark Energy, Inc."
SPLK,"Splunk, Inc."
SPLS,"Staples, Inc."
SPNC,The Spectranetics Corporation
SPNE,SeaSpine Holdings Corporation
SPOK,"Spok Holdings, Inc."
SPPI,"Spectrum Pharmaceuticals, Inc."
SPRT,"Support.com, Inc."
SPSC,"SPS Commerce, Inc."
SPTN,SpartanNash Company
SPWH,"Sportsman's Warehouse Holdings, Inc."
SPWR,SunPower Corporation
SQBK,"Square 1 Financial, Inc."
SQI,"SciQuest, Inc."
SQNM,Sequenom Inc.
SRCE,1st Source Corporation
SRCL,"Stericycle, Inc."
SRCLP,"Stericycle, Inc."
SRDX,"SurModics, Inc."
SREV,"ServiceSource International, Inc."
SRPT,"Sarepta Therapeutics, Inc."
SRSC,Sears Canada Inc.
SSB,South State Corporation
SSNC,"SS&C; Technologies Holdings, Inc."
SSRI,Silver Standard Resources Inc.
SSYS,Stratasys Ltd.
STB,Student Transportation Inc.
STBA,S&T; Bancorp Inc.
STCK,"BMC Stock Holdings, Inc."
STFC,State Auto Financial Corp.
STKL,SunOpta Inc.
STLD,Steel Dynamics Inc.
STLY,"Stanley Furniture Company, Inc."
STMP,Stamps.com Inc.
STNR,Steiner Leisure Ltd.
STRA,Strayer Education Inc.
STRL,Sterling Construction Co. Inc.
STRS,Stratus Properties Inc.
STRZA,Starz
STRZB,Starz
STX,Seagate Technology Public Limited Company
SUBK,Suffolk Bancorp
SUNS,Solar Senior Capital Ltd.
SUSQ,"Susquehanna Bancshares, Inc."
SUTR,Sutor Technology Group Limited
SVA,Sinovac Biotech Ltd.
SVVC,"Firsthand Technology Value Fund, Inc."
SWHC,Smith & Wesson Holding Corporation
SWIR,Sierra Wireless Inc.
SWKS,Skyworks Solutions Inc.
SYKE,"Sykes Enterprises, Incorporated"
SYMC,Symantec Corporation
SYNA,Synaptics Inc.
SYNT,"Syntel, Inc."
SYUT,Synutra International Inc.
SZMK,Sizmek Inc.
SZYM,"Solazyme, Inc."
TASR,TASER International Inc.
TAST,"Carrols Restaurant Group, Inc."
TAX,"Liberty Tax, Inc."
TAXI,Medallion Financial Corp.
TBBK,The Bancorp Inc.
TBK,"Triumph Bancorp, Inc."
TBNK,Territorial Bancorp Inc.
TCBI,Texas Capital BancShares Inc.
TCBIL,Texas Capital BancShares Inc.
TCBIP,Texas Capital BancShares Inc.
TCBIW,"Texas Capital Bancshares, Inc."
TCBK,TriCo Bancshares
TCPC,TCP Capital Corp.
TCRD,"THL Credit, Inc."
TEAM,Atlassian Corporation Plc
TECD,Tech Data Corp.
TECH,Bio-Techne Corp.
TECU,Tecumseh Products Company
TEDU,"Tarena International, Inc."
TERP,"TerraForm Power, Inc."
TESO,Tesco Corporation
TESS,TESSCO Technologies Inc.
TFM,"The Fresh Market, Inc."
TFSL,TFS Financial Corp
TGA,TransGlobe Energy Corporation
THFF,First Financial Corp.
THOR,Thoratec Corp.
THRM,Gentherm Incorporated
THRX,Theravance Inc.
TICC,TICC Capital Corp.
TILE,Interface Inc.
TITN,"Titan Machinery, Inc."
TIVO,TiVo Inc.
TLGT,"Teligent, Inc."
TMUS,"T-Mobile US, Inc."
TMUSP,"T-Mobile US, Inc."
TNAV,"Telenav, Inc."
TNGO,"Tangoe, Inc."
TOPS,Top Ships Inc.
TOWN,Towne Bank
TRAK,"Dealertrack Technologies, Inc."
TREE,"LendingTree, Inc."
TRGT,"Targacept, Inc."
TRIB,Trinity Biotech plc
TRIP,TripAdvisor Inc.
TRIV,"TriVascular Technologies, Inc."
TRMB,Trimble Navigation Limited
TRMK,Trustmark Corporation
TRNX,Wright Medical Group N.V.
TROW,"T. Rowe Price Group, Inc."
TRS,TriMas Corporation
TRST,TrustCo Bank Corp. NY
TRUE,"TrueCar, Inc."
TRVN,"Trevena, Inc."
TSC,"Tristate Capital Holdings, Inc."
TSCO,Tractor Supply Company
TSEM,Tower Semiconductor Ltd.
TSLA,"Tesla Motors, Inc."
TSRA,Tessera Technologies Inc.
TSRO,"Tesaro, Inc."
TSYS,TeleCommunication Systems Inc.
TTEC,TeleTech Holdings Inc.
TTEK,"Tetra Tech, Inc."
TTMI,TTM Technologies Inc.
TTPH,"Tetraphase Pharmaceuticals, Inc."
TTS,"Tile Shop Holdings, Inc."
TTWO,Take-Two Interactive Software Inc.
TUBE,"TubeMogul, Inc."
TUES,Tuesday Morning Corporation
TW,Towers Watson & Co.
TWIN,"Twin Disc, Incorporated"
TWOU,"2U, Inc."
TXN,Texas Instruments Inc.
TXRH,"Texas Roadhouse, Inc."
TYPE,Monotype Imaging Holdings Inc.
TZOO,Travelzoo Inc.
UACL,Universal Truckload Services Inc.
UBFO,United Security Bancshares
UBIC,"UBIC, Inc."
UBNK,"United Financial Bancorp, Inc."
UBNT,"Ubiquiti Networks, Inc."
UBSH,Union Bankshares Corporation
UBSI,United Bankshares Inc.
UCBI,"United Community Banks, Inc."
UCFC,United Community Financial Corp.
UCTT,Ultra Clean Holdings Inc.
UDF,United Development Funding IV
UEIC,Universal Electronics Inc.
UEPS,Net 1 Ueps Technologies Inc.
UFCS,"United Fire Group, Inc"
UFPI,Universal Forest Products Inc.
UHAL,AMERCO
ULTA,"ULTA Salon, Cosmetics & Fragrance, Inc."
ULTI,"The Ultimate Software Group, Inc."
ULTR,Ultrapetrol (Bahamas) Ltd.
UMBF,UMB Financial Corporation
UMPQ,Umpqua Holdings Corporation
UNFI,"United Natural Foods, Inc."
UNTD,"United Online, Inc."
UPIP,"Unwired Planet, Inc."
URBN,Urban Outfitters Inc.
USAK,USA Truck Inc.
USAP,Universal Stainless & Alloy Products Inc.
USLM,"United States Lime & Minerals, Inc."
USTR,United Stationers Inc.
UTEK,"Ultratech, Inc."
UTHR,United Therapeutics Corporation
UTIW,UTi Worldwide Inc.
UTMD,Utah Medical Products Inc.
UTSI,UTStarcom Holdings Corp.
UVSP,Univest Corporation of Pennsylvania
VA,Virgin America Inc.
VASC,Vascular Solutions Inc.
VDTH,Videocon d2h Limited
VECO,Veeco Instruments Inc.
VIA,"Viacom, Inc."
VIAB,"Viacom, Inc."
VIAV,Viavi Solutions Inc.
VIAVV,Viavi Solutions Inc.
VICL,Vical Incorporated
VICR,Vicor Corp.
VIEW,"Viewtran Group, Inc."
VIP,VimpelCom Ltd.
VIRT,"Virtu Financial, Inc."
VISN,VisionChina Media Inc.
VIVO,"Meridian Bioscience, Inc."
VLGEA,Village Super Market Inc.
VNET,"21Vianet Group, Inc."
VNOM,Viper Energy Partners LP
VNR,"Vanguard Natural Resources, LLC"
VNRAP,"Vanguard Natural Resources, LLC"
VNRBP,"Vanguard Natural Resources, LLC"
VNRCP,"Vanguard Natural Resources, LLC"
VOD,Vodafone Group Plc
VOXX,VOXX International Corporation
VRA,"Vera Bradley, Inc."
VRNS,"Varonis Systems, Inc."
VRNT,Verint Systems Inc.
VRSK,"Verisk Analytics, Inc."
VRSN,"VeriSign, Inc."
VRTB,"Vestin Realty Mortgage II, Inc."
VRTS,"Virtus Investment Partners, Inc."
VRTU,Virtusa Corporation
VRTX,Vertex Pharmaceuticals Incorporated
VSAR,"Versartis, Inc."
VSAT,ViaSat Inc.
VSCI,
VSEC,VSE Corp.
VTL,"Vital Therapies, Inc."
VVUS,VIVUS Inc.
VWR,VWR Corporation
VYGR,"Voyager Therapeutics, Inc."
WABC,Westamerica Bancorp.
WAFD,Washington Federal Inc.
WAFDW,"Washington Federal, Inc."
WASH,Washington Trust Bancorp Inc.
WB,Weibo Corporation
WBA,"Walgreens Boots Alliance, Inc."
WBMD,WebMD Health Corp.
WDC,Western Digital Corporation
WDFC,WD-40 Company
WEB,"Web.com Group, Inc."
WEN,The Wendy's Company
WERN,Werner Enterprises Inc.
WETF,"WisdomTree Investments, Inc."
WEYS,Weyco Group Inc.
WFD,Westfield Financial Inc.
WFM,"Whole Foods Market, Inc."
WHF,"WhiteHorse Finance, Inc."
WHFBL,"WhiteHorse Finance, Inc."
WIBC,Wilshire Bancorp Inc.
WIFI,"Boingo Wireless, Inc."
WILN,Wi-Lan Inc.
WIN,"Windstream Holdings, Inc."
WING,Wingstop Inc.
WIRE,Encore Wire Corp.
WIX,Wix.com Ltd.
WMAR,West Marine Inc.
WMGI,Wright Medical Group N.V.
WOOF,VCA Inc.
WPPGY,WPP plc
WPRT,Westport Innovations Inc.
WRES,"Warren Resources, Inc."
WRLD,World Acceptance Corp.
WSBC,WesBanco Inc.
WSBF,"Waterstone Financial, Inc."
WSFS,WSFS Financial Corp.
WSFSL,WSFS Financial Corp.
WSTC,West Corporation
WSTL,"Westell Technologies, Inc."
WTBA,"West Bancorp., Inc."
WTFC,Wintrust Financial Corporation
WTFCM,Wintrust Financial Corporation
WTFCW,Wintrust Financial Corporation
WWD,"Woodward, Inc."
WWWW,"Web.com Group, Inc."
WYNN,Wynn Resorts Ltd.
XBIT,"XBiotech, Inc."
XCRA,Xcerra Corporation
XLNX,Xilinx Inc.
XNET,Xunlei Limited
XNPT,"Xenoport, Inc."
XONE,The ExOne Company
XOOM,Xoom Corporation
XRAY,DENTSPLY International Inc.
XXIA,Ixia
YDLE,"Yodlee, Inc."
YHOO,Yahoo! Inc.
YNDX,Yandex N.V.
YORW,The York Water Company
YRCW,YRC Worldwide Inc.
YY,YY Inc.
Z,"Zillow Group, Inc."
ZAGG,ZAGG Inc
ZAVVV,"Zillow Group, Inc."
ZBRA,Zebra Technologies Corporation
ZCVVV,"Zillow Group, Inc."
ZEUS,Olympic Steel Inc.
ZFGN,"Zafgen, Inc."
ZG,"Zillow Group, Inc."
ZINC,Horsehead Holding Corp.
ZION,Zions Bancorporation
ZIONW,Zions Bancorporation
ZIONZ,Zions Bancorporation
ZIXI,Zix Corporation
ZLTQ,"ZELTIQ Aesthetics, Inc."
ZNGA,"Zynga, Inc."
ZU,"zulily, Inc."
ZUMZ,"Zumiez, Inc."
